﻿<?xml version="1.0" encoding="UTF-8"?>
<getAPInvoices_response>
  <description>Get Accounts Payable Invoices Request</description>
  <copyright>Verisae, Inc.</copyright>
  <date_processed>09/09/2016 1:55:11 PM</date_processed>
  <request_url>http://wbs.verisae.com/DataNett/action/getAPInvoices</request_url>
  <client name="Whole Foods Market" client_id="11773857287" business_unit="EMS" provider_type="EXTERNAL" include_detail="true" include_parts_detail="true" include_misc_detail="true" include_travel_detail="true" include_labor_detail="true" include_capital_expense="true" include_dept_detail="true" include_NTE="true" use_extended_wo_type_desriptions="true" update_status="false" auto_advance_wostatus="INVOICED" include_credit_memos="false" include_partial_invoices="false" include_site_billto_addr="false" include_contract_payments="non_contract" include_cis="false" sort_by_vendor_and_invoice="false" wo_status="BILL_PYMT_CYCLE" project_code="TESTAP" project_group="AP">
    <invoices>
      <inv_header date="08162016" />
      <invoice_period period="12" start_date="08012016" end_date="08282016" />
      <inv site_name="SUP - 10045" site_description="Superior"
			prov_invoice_number="1234"
			gross_invoice_amount="160.37" net_invoice_amount="157.23" tax="3.14"
			parent_organization="365" site_country_code="US" site_currency_code="USD" site_accounting_data="" prov_name="HUSSMANN CORPORATION" wo_invoice_date="09012016" tax_point_date="09012016" date_service_completed="07252016" acct_approved_date="" prov_description="HUSSMANN CORPORATION" client_reference="" site_supplier_refnum="00000" prov_vendor_number="0000025879-001" prov_taxid="" approver="Mike Ellinger" approver_login="1149663@wholefoods.com" prov_country_code="US" prov_currency_code="USD" tax_rate="0.0" tax_type="Manual" wo_type="NORMAL" contract_type="" capital_expense="N" cost_center="" work_order_number="38197220" NTE="" work_order_desc="WILL NOT OPEN" client_account_code="921000" client_account_description="Repairs and Maintenance - Building" category="DOORS" subcategory="AUTOMATIC DOORS" asset_number="880000060313" serial_number="Data Plate Blocked by Equipment" model="9430" asset_type="DOOR AUTO" manufacturer="TORMAX" dept_name="FRONT END" dept_code="" sla_fix_target_date="07252016" date_assigned="07252016" first_level_approval_comments="" second_level_approval_comments="" third_level_approval_comments="" acct_approval_comments="" date_created="07252016">
        <detail>
          <parts total="0.00" tax="0.00" />




          <labor total="50.00" tax="0.00">
            <labor_adj description="Travel/labor" rate="50.00" hours="1.00" total="50.00" tax="0.00" />
          </labor>
          <travel total="0.00" tax="0.00" />

          <misc total="107.23" tax="0.0">
            <misc_charge description="Freight" price="107.23" quantity="1.0" tax="0.0" taxrate="0.0" />
          </misc>
        </detail>
      </inv>
      <inv_footer record_count="1" invoices_total="160.37" elapsed_time="0.01"/>
    </invoices>
  </client>
</getAPInvoices_response>
