﻿<?xml version="1.0" encoding="UTF-8"?>
<getAPInvoices_response>
  <description>Get Accounts Payable Invoices Request</description>
  <copyright>Verisae, Inc.</copyright>
  <date_processed>08/22/2016 12:47:54 PM</date_processed>
  <request_url>http://uat.verisae.com/DataNett/action/getAPInvoices</request_url>
  <client name="Verisae Demo - US" client_id="2398939926" business_unit="EMS" provider_type="EXTERNAL" include_detail="true" include_parts_detail="true" include_misc_detail="true" include_travel_detail="true" include_labor_detail="true" include_capital_expense="true" include_dept_detail="true" include_inactive_sites="false" multi_currency="true" include_NTE="true" include_rate_name="true" use_extended_wo_type_desriptions="true" update_status="false" auto_advance_wostatus="INVOICED" include_credit_memos="true" include_partial_invoices="true" include_site_billto_addr="true" include_contract_payments="non_contract" include_cis="false" include_wo_cost_split_detail="false" sort_by_vendor_and_invoice="false" invoice_received_date="true" tax_adjustment_value="true" wo_status="BILL_PYMT_CYCLE">
    <invoices>
      <inv_header date="08222016" />
      <invoice_period period="11" start_date="08012016" end_date="08312016" />
      <inv site_name="011-3" site_description="Shoppers - Roseville" parent_organization="Shoppers - MN Region 1" site_country_code="US" site_currency_code="USD" site_accounting_data="" prov_name="EEC Internal Team" prov_invoice_number="36705550" wo_invoice_date="05192016" invoice_received_date="" tax_point_date="05192016" date_service_completed="05192016" acct_approved_date="" prov_description="EEC Internal Team" client_reference="" site_supplier_refnum="00000" prov_vendor_number="00000" prov_taxid="" approver="Jenny Kearse" approver_login="SRMM2" prov_country_code="US" prov_currency_code="USD" gross_invoice_amount="98.08" net_invoice_amount="98.08" tax="0.00" tax_adjustment_value="0.00" tax_rate="0.0" tax_type="Multiple" wo_type="NORMAL" contract_type="Time and Materials" capital_expense="N" cost_center="" work_order_number="36705550" NTE="750.000" work_order_desc="Temperature" client_account_code="DD-20-1549" client_account_description="HVAC" category="HVAC" subcategory="AIR HANDLING UNIT" asset_number="DD000140130" serial_number="23261" model="CPC181XXX4BXXX13" asset_type="RTU" manufacturer="TRANE" dept_name="ROOF" dept_code="" sla_fix_target_date="05192016" date_assigned="05192016" first_level_approval_comments="" second_level_approval_comments="" third_level_approval_comments="" acct_approval_comments="" date_created="05192016">
        <detail>
          <parts total="64.41" tax="0.00">
            <part name="Stud-Mount Leveling Pads &amp; Mounts" number="01166461" uom="each" price="64.41" quantity="1.00" tax="0.00" taxrate="0.0" tax_rate_name="Zero Tax" />
          </parts>
          <labor total="3.67" tax="0.00">
            <labor_charge technician="Tom Clayborn" rate="55.00" hours="0.05" total="2.75" taxrate="0.0" tax_rate_name="Zero Tax" />
            <labor_charge technician="Tom Clayborn" rate="55.00" hours="0.02" total="0.92" taxrate="0.0" tax_rate_name="Zero Tax" />
          </labor>
          <travel total="30.00" tax="0.00">
            <travel_charge description="Drive Time (per hour)" price="0.00" quantity="0.00" total="0.00" taxrate="0.0" tax_rate_name="Zero Tax" />
            <travel_charge description="Mileage" price="0.60" quantity="0.00" total="0.00" taxrate="0.0" tax_rate_name="Zero Tax" />
            <travel_charge description="Standard" price="30.00" quantity="1.00" total="30.00" taxrate="0.0" tax_rate_name="Zero Tax" />
          </travel>
          <misc total="0.00" tax="0.00" />
        </detail>
      </inv>
      <inv site_name="021-1" site_description="Luxury Suites - Roseville" parent_organization="Luxury Suites MN Region 1" site_country_code="US" site_currency_code="USD" site_accounting_data="" prov_name="EEC Internal Team" prov_invoice_number="ABC210398646" wo_invoice_date="04262016" invoice_received_date="" tax_point_date="04262016" date_service_completed="04122016" acct_approved_date="" prov_description="EEC Internal Team" client_reference="" site_supplier_refnum="00000" prov_vendor_number="00000" prov_taxid="" approver="Abel Gartner" approver_login="LSRMM2" prov_country_code="US" prov_currency_code="CAD" exchange_rate="1.29" gross_invoice_amount="228.73" net_invoice_amount="228.73" tax="0.00" tax_adjustment_value="0.00" tax_rate="0.0" tax_type="Multiple" wo_type="NORMAL" contract_type="Time and Materials" capital_expense="Y" capex_proj_number="" capex_proj_name="Maintenance Budget Q4" capex_task_number="" capex_task_desc="" cost_center="" work_order_number="35927239" NTE="750.000" work_order_desc="Damaged" client_account_code="DD-20-2546" client_account_description="Repairs-Nonreoccuring" category="VENDING MACHINES" subcategory="MISCELLANEOUS VENDING MACHINES" asset_number="6600016779" serial_number="" model="ECP500" asset_type="ICE MAKER CUBED" manufacturer="ICE O MATIC" dept_name="ICE MACHINE ROOM" dept_code="" sla_fix_target_date="04132016" date_assigned="04122016" first_level_approval_comments="" second_level_approval_comments="" third_level_approval_comments="" acct_approval_comments="" date_created="04122016">
        <capex_projects>
          <capex_project budget_level="1" budget_type="Maintenance Budget Q4 2015" proj_number="" proj_name="Maintenance Budget Q4" parent_proj_name="" />
        </capex_projects>
        <detail>
          <parts total="225.72" tax="0.00">
            <part name="Condenser Fan Motor" number="400011323684" uom="each" price="83.84" quantity="1.00" tax="0.00" taxrate="0.0" tax_rate_name="" />
            <part name="Water Filtration System Refill" number="56134-05" uom="each" price="141.89" quantity="1.00" tax="0.00" taxrate="0.0" tax_rate_name="" />
          </parts>
          <labor total="3.01" tax="0.00">
            <labor_charge technician="Tom Clayborn" rate="77.40" hours="0.05" total="3.00" taxrate="0.0" tax_rate_name="" />
          </labor>
          <travel total="0.00" tax="0.00">
            <travel_charge description="Drive Time (per hour)" price="0.00" quantity="0.00" total="0.00" taxrate="0.0" tax_rate_name="" />
            <travel_charge description="Mileage" price="0.60" quantity="0.00" total="0.00" taxrate="0.0" tax_rate_name="" />
          </travel>
          <misc total="0.00" tax="0.00" />
        </detail>
      </inv>
      <inv site_name="021-1" site_description="Luxury Suites - Roseville" parent_organization="Luxury Suites MN Region 1" site_country_code="US" site_currency_code="USD" site_accounting_data="" prov_name="EEC Internal Team" prov_invoice_number="37933528" wo_invoice_date="07132016" invoice_received_date="" tax_point_date="07132016" date_service_completed="07132016" acct_approved_date="" prov_description="EEC Internal Team" client_reference="" site_supplier_refnum="00000" prov_vendor_number="00000" prov_taxid="" approver="Abel Gartner" approver_login="LSRMM2" prov_country_code="US" prov_currency_code="USD" gross_invoice_amount="139.00" net_invoice_amount="139.00" tax="0.00" tax_adjustment_value="0.00" tax_rate="0.0" tax_type="Multiple" wo_type="NORMAL" contract_type="Time and Materials" capital_expense="N" cost_center="" work_order_number="37933528" NTE="750.000" work_order_desc="Not Working" client_account_code="DD-20-6589" client_account_description="Miscellaneous" category="HOUSEHOLD EQUIPMENT" subcategory="STOVE" asset_number="DD000140410" serial_number="2987036" model="CGS990SETSS" asset_type="GE - Cafe 30&quot; Self-Cleaning Freestanding Double Oven Gas Convection Range" manufacturer="GE" dept_name="KITCHEN" dept_code="" sla_fix_target_date="" date_assigned="07132016" first_level_approval_comments="" second_level_approval_comments="" third_level_approval_comments="" acct_approval_comments="" date_created="07132016">
        <detail>
          <parts total="100.00" tax="0.00">
            <part name="Burner " number="PA0328931" uom="each" price="25.00" quantity="4.00" tax="0.00" taxrate="0.0" tax_rate_name="Zero Tax" />
          </parts>
          <labor total="4.00" tax="0.00">
            <labor_charge technician="Frank Quinn" rate="60.00" hours="0.03" total="2.00" taxrate="0.0" tax_rate_name="Zero Tax" />
            <labor_charge technician="Frank Quinn" rate="60.00" hours="0.03" total="2.00" taxrate="0.0" tax_rate_name="Zero Tax" />
          </labor>
          <travel total="35.00" tax="0.00">
            <travel_charge description="Drive Time (per hour)" price="0.00" quantity="0.00" total="0.00" taxrate="0.0" tax_rate_name="Zero Tax" />
            <travel_charge description="Mileage" price="0.60" quantity="0.00" total="0.00" taxrate="0.0" tax_rate_name="Zero Tax" />
            <travel_charge description="Standard" price="35.00" quantity="1.00" total="35.00" taxrate="0.0" tax_rate_name="Zero Tax" />
          </travel>
          <misc total="0.00" tax="0.00" />
        </detail>
      </inv>
      <inv_footer record_count="3" invoices_total="465.81" elapsed_time="0.00" />
    </invoices>
    <credit_memos>
      <cm_header date="08222016" />
      <cm_footer record_count="0" invoices_total="0.00" />
    </credit_memos>
    <partial_invoices>
      <pi_header date="08222016" />
      <pi_footer record_count="0" invoices_total="0.00" />
    </partial_invoices>
  </client>
</getAPInvoices_response>


